<?xml version="1.0"?>
<game_state>
	<input />
	<window />
	<textures />
	<audio />
	<map>
		<map_name filename="Scene1.tmx" />
	</map>
	<scene />
	<player playerstate="3">
		<points>
			<position x="988" y="1047.25" />
			<prevposition x="982" y="1046.5" />
			<lastGroundedPos x="856" y="1204" />
		</points>
		<flags able_to_jump="false" able_to_dash="true" dashing="false" jumping="true" drop_plat="false" playerGrounded="false" flip="false" godMode="false" />
	</player>
	<collisions />
	<fade />
	<renderer>
		<camera x="-522" y="-693" />
	</renderer>
</game_state>
